word,overtones,value,slug,file,prompt
"WOLF","ANIMAL DANGER MOTION","17","wolf","art/wolf.png","Wolf. flat vector game-card illustration, bold simple shapes, thick clean outlines, limited 4-colour palette, single centred subject, dark desaturated blue-slate background, no text, no lettering, landscape 11:7 crop. Mood: animal, dangerous, threatening, moving, kinetic."
"BEAR","ANIMAL DANGER","17","bear","art/bear.png","Bear. flat vector game-card illustration, bold simple shapes, thick clean outlines, limited 4-colour palette, single centred subject, dark desaturated blue-slate background, no text, no lettering, landscape 11:7 crop. Mood: animal, dangerous, threatening."
"SHARK","ANIMAL DANGER WET MOTION","20","shark","art/shark.png","Shark. flat vector game-card illustration, bold simple shapes, thick clean outlines, limited 4-colour palette, single centred subject, dark desaturated blue-slate background, no text, no lettering, landscape 11:7 crop. Mood: animal, dangerous, threatening, wet, aquatic, moving, kinetic."
"EAGLE","ANIMAL MOTION BRIGHT","20","eagle","art/eagle.png","Eagle. flat vector game-card illustration, bold simple shapes, thick clean outlines, limited 4-colour palette, single centred subject, dark desaturated blue-slate background, no text, no lettering, landscape 11:7 crop. Mood: animal, moving, kinetic, bright, radiant."
"MOTH","ANIMAL MOTION DARK","17","moth","art/moth.png","Moth. flat vector game-card illustration, bold simple shapes, thick clean outlines, limited 4-colour palette, single centred subject, dark desaturated blue-slate background, no text, no lettering, landscape 11:7 crop. Mood: animal, moving, kinetic, dark, shadowy."
"HORNET","ANIMAL DANGER LOUD MOTION","23","hornet","art/hornet.png","Hornet. flat vector game-card illustration, bold simple shapes, thick clean outlines, limited 4-colour palette, single centred subject, dark desaturated blue-slate background, no text, no lettering, landscape 11:7 crop. Mood: animal, dangerous, threatening, loud, resonant, moving, kinetic."
"SALMON","ANIMAL WET FOOD MOTION","23","salmon","art/salmon.png","Salmon. flat vector game-card illustration, bold simple shapes, thick clean outlines, limited 4-colour palette, single centred subject, dark desaturated blue-slate background, no text, no lettering, landscape 11:7 crop. Mood: animal, wet, aquatic, edible, moving, kinetic."
"OYSTER","ANIMAL WET FOOD","23","oyster","art/oyster.png","Oyster. flat vector game-card illustration, bold simple shapes, thick clean outlines, limited 4-colour palette, single centred subject, dark desaturated blue-slate background, no text, no lettering, landscape 11:7 crop. Mood: animal, wet, aquatic, edible."
"CROW","ANIMAL DARK LOUD","17","crow","art/crow.png","Crow. flat vector game-card illustration, bold simple shapes, thick clean outlines, limited 4-colour palette, single centred subject, dark desaturated blue-slate background, no text, no lettering, landscape 11:7 crop. Mood: animal, dark, shadowy, loud, resonant."
"OWL","ANIMAL DARK MIND","14","owl","art/owl.png","Owl. flat vector game-card illustration, bold simple shapes, thick clean outlines, limited 4-colour palette, single centred subject, dark desaturated blue-slate background, no text, no lettering, landscape 11:7 crop. Mood: animal, dark, shadowy, psychological, cerebral."
"SNAKE","ANIMAL DANGER MOTION","20","snake","art/snake.png","Snake. flat vector game-card illustration, bold simple shapes, thick clean outlines, limited 4-colour palette, single centred subject, dark desaturated blue-slate background, no text, no lettering, landscape 11:7 crop. Mood: animal, dangerous, threatening, moving, kinetic."
"SPIDER","ANIMAL DANGER DARK","23","spider","art/spider.png","Spider. flat vector game-card illustration, bold simple shapes, thick clean outlines, limited 4-colour palette, single centred subject, dark desaturated blue-slate background, no text, no lettering, landscape 11:7 crop. Mood: animal, dangerous, threatening, dark, shadowy."
"WHALE","ANIMAL WET MOTION","20","whale","art/whale.png","Whale. flat vector game-card illustration, bold simple shapes, thick clean outlines, limited 4-colour palette, single centred subject, dark desaturated blue-slate background, no text, no lettering, landscape 11:7 crop. Mood: animal, wet, aquatic, moving, kinetic."
"HORSE","ANIMAL MOTION","20","horse","art/horse.png","Horse. flat vector game-card illustration, bold simple shapes, thick clean outlines, limited 4-colour palette, single centred subject, dark desaturated blue-slate background, no text, no lettering, landscape 11:7 crop. Mood: animal, moving, kinetic."
"RAT","ANIMAL DARK DANGER","14","rat","art/rat.png","Rat. flat vector game-card illustration, bold simple shapes, thick clean outlines, limited 4-colour palette, single centred subject, dark desaturated blue-slate background, no text, no lettering, landscape 11:7 crop. Mood: animal, dark, shadowy, dangerous, threatening."
"BEE","ANIMAL FOOD LOUD MOTION","14","bee","art/bee.png","Bee. flat vector game-card illustration, bold simple shapes, thick clean outlines, limited 4-colour palette, single centred subject, dark desaturated blue-slate background, no text, no lettering, landscape 11:7 crop. Mood: animal, edible, loud, resonant, moving, kinetic."
"ANT","ANIMAL MOTION","14","ant","art/ant.png","Ant. flat vector game-card illustration, bold simple shapes, thick clean outlines, limited 4-colour palette, single centred subject, dark desaturated blue-slate background, no text, no lettering, landscape 11:7 crop. Mood: animal, moving, kinetic."
"FALCON","ANIMAL MOTION DANGER","23","falcon","art/falcon.png","Falcon. flat vector game-card illustration, bold simple shapes, thick clean outlines, limited 4-colour palette, single centred subject, dark desaturated blue-slate background, no text, no lettering, landscape 11:7 crop. Mood: animal, moving, kinetic, dangerous, threatening."
"TIGER","ANIMAL DANGER BRIGHT","20","tiger","art/tiger.png","Tiger. flat vector game-card illustration, bold simple shapes, thick clean outlines, limited 4-colour palette, single centred subject, dark desaturated blue-slate background, no text, no lettering, landscape 11:7 crop. Mood: animal, dangerous, threatening, bright, radiant."
"LOCUST","ANIMAL DANGER MOTION LOUD","23","locust","art/locust.png","Locust. flat vector game-card illustration, bold simple shapes, thick clean outlines, limited 4-colour palette, single centred subject, dark desaturated blue-slate background, no text, no lettering, landscape 11:7 crop. Mood: animal, dangerous, threatening, moving, kinetic, loud, resonant."
"LEECH","ANIMAL WET DANGER BODY","20","leech","art/leech.png","Leech. flat vector game-card illustration, bold simple shapes, thick clean outlines, limited 4-colour palette, single centred subject, dark desaturated blue-slate background, no text, no lettering, landscape 11:7 crop. Mood: animal, wet, aquatic, dangerous, threatening, anatomical."
"HOUND","ANIMAL MOTION LOUD","20","hound","art/hound.png","Hound. flat vector game-card illustration, bold simple shapes, thick clean outlines, limited 4-colour palette, single centred subject, dark desaturated blue-slate background, no text, no lettering, landscape 11:7 crop. Mood: animal, moving, kinetic, loud, resonant."
"VULTURE","ANIMAL DARK DANGER TIME","26","vulture","art/vulture.png","Vulture. flat vector game-card illustration, bold simple shapes, thick clean outlines, limited 4-colour palette, single centred subject, dark desaturated blue-slate background, no text, no lettering, landscape 11:7 crop. Mood: animal, dark, shadowy, dangerous, threatening, aged, temporal."
"JELLYFISH","ANIMAL WET DANGER BRIGHT","32","jellyfish","art/jellyfish.png","Jellyfish. flat vector game-card illustration, bold simple shapes, thick clean outlines, limited 4-colour palette, single centred subject, dark desaturated blue-slate background, no text, no lettering, landscape 11:7 crop. Mood: animal, wet, aquatic, dangerous, threatening, bright, radiant."
"BEETLE","ANIMAL DARK","23","beetle","art/beetle.png","Beetle. flat vector game-card illustration, bold simple shapes, thick clean outlines, limited 4-colour palette, single centred subject, dark desaturated blue-slate background, no text, no lettering, landscape 11:7 crop. Mood: animal, dark, shadowy."
"STALLION","ANIMAL MOTION LOUD","29","stallion","art/stallion.png","Stallion. flat vector game-card illustration, bold simple shapes, thick clean outlines, limited 4-colour palette, single centred subject, dark desaturated blue-slate background, no text, no lettering, landscape 11:7 crop. Mood: animal, moving, kinetic, loud, resonant."
"MAGGOT","ANIMAL DARK BODY","23","maggot","art/maggot.png","Maggot. flat vector game-card illustration, bold simple shapes, thick clean outlines, limited 4-colour palette, single centred subject, dark desaturated blue-slate background, no text, no lettering, landscape 11:7 crop. Mood: animal, dark, shadowy, anatomical."
"SWARM","ANIMAL MOTION LOUD DANGER","20","swarm","art/swarm.png","Swarm. flat vector game-card illustration, bold simple shapes, thick clean outlines, limited 4-colour palette, single centred subject, dark desaturated blue-slate background, no text, no lettering, landscape 11:7 crop. Mood: animal, moving, kinetic, loud, resonant, dangerous, threatening."
"OX","ANIMAL TOOL","11","ox","art/ox.png","Ox. flat vector game-card illustration, bold simple shapes, thick clean outlines, limited 4-colour palette, single centred subject, dark desaturated blue-slate background, no text, no lettering, landscape 11:7 crop. Mood: animal, hand-tool."
"LAMB","ANIMAL FOOD","17","lamb","art/lamb.png","Lamb. flat vector game-card illustration, bold simple shapes, thick clean outlines, limited 4-colour palette, single centred subject, dark desaturated blue-slate background, no text, no lettering, landscape 11:7 crop. Mood: animal, edible."
"CORMORANT","ANIMAL WET DARK","32","cormorant","art/cormorant.png","Cormorant. flat vector game-card illustration, bold simple shapes, thick clean outlines, limited 4-colour palette, single centred subject, dark desaturated blue-slate background, no text, no lettering, landscape 11:7 crop. Mood: animal, wet, aquatic, dark, shadowy."
"OAK","PLANT NATURE TIME","14","oak","art/oak.png","Oak. flat vector game-card illustration, bold simple shapes, thick clean outlines, limited 4-colour palette, single centred subject, dark desaturated blue-slate background, no text, no lettering, landscape 11:7 crop. Mood: botanical, natural landscape, aged, temporal."
"THORN","PLANT DANGER NATURE","20","thorn","art/thorn.png","Thorn. flat vector game-card illustration, bold simple shapes, thick clean outlines, limited 4-colour palette, single centred subject, dark desaturated blue-slate background, no text, no lettering, landscape 11:7 crop. Mood: botanical, dangerous, threatening, natural landscape."
"MOSS","PLANT NATURE WET","17","moss","art/moss.png","Moss. flat vector game-card illustration, bold simple shapes, thick clean outlines, limited 4-colour palette, single centred subject, dark desaturated blue-slate background, no text, no lettering, landscape 11:7 crop. Mood: botanical, natural landscape, wet, aquatic."
"FERN","PLANT NATURE","17","fern","art/fern.png","Fern. flat vector game-card illustration, bold simple shapes, thick clean outlines, limited 4-colour palette, single centred subject, dark desaturated blue-slate background, no text, no lettering, landscape 11:7 crop. Mood: botanical, natural landscape."
"LILY","PLANT BRIGHT NATURE","17","lily","art/lily.png","Lily. flat vector game-card illustration, bold simple shapes, thick clean outlines, limited 4-colour palette, single centred subject, dark desaturated blue-slate background, no text, no lettering, landscape 11:7 crop. Mood: botanical, bright, radiant, natural landscape."
"CACTUS","PLANT DANGER NATURE HEAT","23","cactus","art/cactus.png","Cactus. flat vector game-card illustration, bold simple shapes, thick clean outlines, limited 4-colour palette, single centred subject, dark desaturated blue-slate background, no text, no lettering, landscape 11:7 crop. Mood: botanical, dangerous, threatening, natural landscape, hot, fiery."
"IVY","PLANT NATURE MOTION","14","ivy","art/ivy.png","Ivy. flat vector game-card illustration, bold simple shapes, thick clean outlines, limited 4-colour palette, single centred subject, dark desaturated blue-slate background, no text, no lettering, landscape 11:7 crop. Mood: botanical, natural landscape, moving, kinetic."
"ROOT","PLANT NATURE DARK","17","root","art/root.png","Root. flat vector game-card illustration, bold simple shapes, thick clean outlines, limited 4-colour palette, single centred subject, dark desaturated blue-slate background, no text, no lettering, landscape 11:7 crop. Mood: botanical, natural landscape, dark, shadowy."
"SEED","PLANT NATURE TIME","17","seed","art/seed.png","Seed. flat vector game-card illustration, bold simple shapes, thick clean outlines, limited 4-colour palette, single centred subject, dark desaturated blue-slate background, no text, no lettering, landscape 11:7 crop. Mood: botanical, natural landscape, aged, temporal."
"BLOSSOM","PLANT BRIGHT NATURE TIME","26","blossom","art/blossom.png","Blossom. flat vector game-card illustration, bold simple shapes, thick clean outlines, limited 4-colour palette, single centred subject, dark desaturated blue-slate background, no text, no lettering, landscape 11:7 crop. Mood: botanical, bright, radiant, natural landscape, aged, temporal."
"VINE","PLANT NATURE MOTION","17","vine","art/vine.png","Vine. flat vector game-card illustration, bold simple shapes, thick clean outlines, limited 4-colour palette, single centred subject, dark desaturated blue-slate background, no text, no lettering, landscape 11:7 crop. Mood: botanical, natural landscape, moving, kinetic."
"REED","PLANT NATURE WET","17","reed","art/reed.png","Reed. flat vector game-card illustration, bold simple shapes, thick clean outlines, limited 4-colour palette, single centred subject, dark desaturated blue-slate background, no text, no lettering, landscape 11:7 crop. Mood: botanical, natural landscape, wet, aquatic."
"BRAMBLE","PLANT DANGER NATURE","26","bramble","art/bramble.png","Bramble. flat vector game-card illustration, bold simple shapes, thick clean outlines, limited 4-colour palette, single centred subject, dark desaturated blue-slate background, no text, no lettering, landscape 11:7 crop. Mood: botanical, dangerous, threatening, natural landscape."
"TIMBER","PLANT TOOL NATURE LOUD","23","timber","art/timber.png","Timber. flat vector game-card illustration, bold simple shapes, thick clean outlines, limited 4-colour palette, single centred subject, dark desaturated blue-slate background, no text, no lettering, landscape 11:7 crop. Mood: botanical, hand-tool, natural landscape, loud, resonant."
"POLLEN","PLANT NATURE BRIGHT MOTION","23","pollen","art/pollen.png","Pollen. flat vector game-card illustration, bold simple shapes, thick clean outlines, limited 4-colour palette, single centred subject, dark desaturated blue-slate background, no text, no lettering, landscape 11:7 crop. Mood: botanical, natural landscape, bright, radiant, moving, kinetic."
"ORCHID","PLANT BRIGHT NATURE","23","orchid","art/orchid.png","Orchid. flat vector game-card illustration, bold simple shapes, thick clean outlines, limited 4-colour palette, single centred subject, dark desaturated blue-slate background, no text, no lettering, landscape 11:7 crop. Mood: botanical, bright, radiant, natural landscape."
"NETTLE","PLANT DANGER NATURE","23","nettle","art/nettle.png","Nettle. flat vector game-card illustration, bold simple shapes, thick clean outlines, limited 4-colour palette, single centred subject, dark desaturated blue-slate background, no text, no lettering, landscape 11:7 crop. Mood: botanical, dangerous, threatening, natural landscape."
"HEART","BODY MOTION HEAT","20","heart","art/heart.png","Heart. flat vector game-card illustration, bold simple shapes, thick clean outlines, limited 4-colour palette, single centred subject, dark desaturated blue-slate background, no text, no lettering, landscape 11:7 crop. Mood: anatomical, moving, kinetic, hot, fiery."
"BONE","BODY COLD TIME","17","bone","art/bone.png","Bone. flat vector game-card illustration, bold simple shapes, thick clean outlines, limited 4-colour palette, single centred subject, dark desaturated blue-slate background, no text, no lettering, landscape 11:7 crop. Mood: anatomical, cold, frozen, aged, temporal."
"SPINE","BODY TOOL","20","spine","art/spine.png","Spine. flat vector game-card illustration, bold simple shapes, thick clean outlines, limited 4-colour palette, single centred subject, dark desaturated blue-slate background, no text, no lettering, landscape 11:7 crop. Mood: anatomical, hand-tool."
"TOOTH","BODY DANGER TOOL","20","tooth","art/tooth.png","Tooth. flat vector game-card illustration, bold simple shapes, thick clean outlines, limited 4-colour palette, single centred subject, dark desaturated blue-slate background, no text, no lettering, landscape 11:7 crop. Mood: anatomical, dangerous, threatening, hand-tool."
"BLOOD","BODY WET HEAT DANGER","20","blood","art/blood.png","Blood. flat vector game-card illustration, bold simple shapes, thick clean outlines, limited 4-colour palette, single centred subject, dark desaturated blue-slate background, no text, no lettering, landscape 11:7 crop. Mood: anatomical, wet, aquatic, hot, fiery, dangerous, threatening."
"LUNG","BODY MOTION","17","lung","art/lung.png","Lung. flat vector game-card illustration, bold simple shapes, thick clean outlines, limited 4-colour palette, single centred subject, dark desaturated blue-slate background, no text, no lettering, landscape 11:7 crop. Mood: anatomical, moving, kinetic."
"FIST","BODY DANGER MOTION","17","fist","art/fist.png","Fist. flat vector game-card illustration, bold simple shapes, thick clean outlines, limited 4-colour palette, single centred subject, dark desaturated blue-slate background, no text, no lettering, landscape 11:7 crop. Mood: anatomical, dangerous, threatening, moving, kinetic."
"THUMB","BODY TOOL","20","thumb","art/thumb.png","Thumb. flat vector game-card illustration, bold simple shapes, thick clean outlines, limited 4-colour palette, single centred subject, dark desaturated blue-slate background, no text, no lettering, landscape 11:7 crop. Mood: anatomical, hand-tool."
"SKULL","BODY DARK DANGER TIME","20","skull","art/skull.png","Skull. flat vector game-card illustration, bold simple shapes, thick clean outlines, limited 4-colour palette, single centred subject, dark desaturated blue-slate background, no text, no lettering, landscape 11:7 crop. Mood: anatomical, dark, shadowy, dangerous, threatening, aged, temporal."
"NERVE","BODY MIND TECH","20","nerve","art/nerve.png","Nerve. flat vector game-card illustration, bold simple shapes, thick clean outlines, limited 4-colour palette, single centred subject, dark desaturated blue-slate background, no text, no lettering, landscape 11:7 crop. Mood: anatomical, psychological, cerebral, technological."
"PULSE","BODY MOTION TIME","20","pulse","art/pulse.png","Pulse. flat vector game-card illustration, bold simple shapes, thick clean outlines, limited 4-colour palette, single centred subject, dark desaturated blue-slate background, no text, no lettering, landscape 11:7 crop. Mood: anatomical, moving, kinetic, aged, temporal."
"SINEW","BODY MOTION","20","sinew","art/sinew.png","Sinew. flat vector game-card illustration, bold simple shapes, thick clean outlines, limited 4-colour palette, single centred subject, dark desaturated blue-slate background, no text, no lettering, landscape 11:7 crop. Mood: anatomical, moving, kinetic."
"TONGUE","BODY FOOD LOUD","23","tongue","art/tongue.png","Tongue. flat vector game-card illustration, bold simple shapes, thick clean outlines, limited 4-colour palette, single centred subject, dark desaturated blue-slate background, no text, no lettering, landscape 11:7 crop. Mood: anatomical, edible, loud, resonant."
"EYE","BODY BRIGHT MIND","14","eye","art/eye.png","Eye. flat vector game-card illustration, bold simple shapes, thick clean outlines, limited 4-colour palette, single centred subject, dark desaturated blue-slate background, no text, no lettering, landscape 11:7 crop. Mood: anatomical, bright, radiant, psychological, cerebral."
"SCAR","BODY TIME DANGER","17","scar","art/scar.png","Scar. flat vector game-card illustration, bold simple shapes, thick clean outlines, limited 4-colour palette, single centred subject, dark desaturated blue-slate background, no text, no lettering, landscape 11:7 crop. Mood: anatomical, aged, temporal, dangerous, threatening."
"BREATH","BODY MOTION COLD","23","breath","art/breath.png","Breath. flat vector game-card illustration, bold simple shapes, thick clean outlines, limited 4-colour palette, single centred subject, dark desaturated blue-slate background, no text, no lettering, landscape 11:7 crop. Mood: anatomical, moving, kinetic, cold, frozen."
"MARROW","BODY WET TIME","23","marrow","art/marrow.png","Marrow. flat vector game-card illustration, bold simple shapes, thick clean outlines, limited 4-colour palette, single centred subject, dark desaturated blue-slate background, no text, no lettering, landscape 11:7 crop. Mood: anatomical, wet, aquatic, aged, temporal."
"KNUCKLE","BODY DANGER TOOL","26","knuckle","art/knuckle.png","Knuckle. flat vector game-card illustration, bold simple shapes, thick clean outlines, limited 4-colour palette, single centred subject, dark desaturated blue-slate background, no text, no lettering, landscape 11:7 crop. Mood: anatomical, dangerous, threatening, hand-tool."
"BREAD","FOOD","20","bread","art/bread.png","Bread. flat vector game-card illustration, bold simple shapes, thick clean outlines, limited 4-colour palette, single centred subject, dark desaturated blue-slate background, no text, no lettering, landscape 11:7 crop. Mood: edible."
"HONEY","FOOD WET BRIGHT","20","honey","art/honey.png","Honey. flat vector game-card illustration, bold simple shapes, thick clean outlines, limited 4-colour palette, single centred subject, dark desaturated blue-slate background, no text, no lettering, landscape 11:7 crop. Mood: edible, wet, aquatic, bright, radiant."
"PEPPER","FOOD HEAT","23","pepper","art/pepper.png","Pepper. flat vector game-card illustration, bold simple shapes, thick clean outlines, limited 4-colour palette, single centred subject, dark desaturated blue-slate background, no text, no lettering, landscape 11:7 crop. Mood: edible, hot, fiery."
"SALT","FOOD COLD TIME","17","salt","art/salt.png","Salt. flat vector game-card illustration, bold simple shapes, thick clean outlines, limited 4-colour palette, single centred subject, dark desaturated blue-slate background, no text, no lettering, landscape 11:7 crop. Mood: edible, cold, frozen, aged, temporal."
"STEW","FOOD HEAT WET","17","stew","art/stew.png","Stew. flat vector game-card illustration, bold simple shapes, thick clean outlines, limited 4-colour palette, single centred subject, dark desaturated blue-slate background, no text, no lettering, landscape 11:7 crop. Mood: edible, hot, fiery, wet, aquatic."
"VINEGAR","FOOD WET DANGER","26","vinegar","art/vinegar.png","Vinegar. flat vector game-card illustration, bold simple shapes, thick clean outlines, limited 4-colour palette, single centred subject, dark desaturated blue-slate background, no text, no lettering, landscape 11:7 crop. Mood: edible, wet, aquatic, dangerous, threatening."
"SUGAR","FOOD BRIGHT","20","sugar","art/sugar.png","Sugar. flat vector game-card illustration, bold simple shapes, thick clean outlines, limited 4-colour palette, single centred subject, dark desaturated blue-slate background, no text, no lettering, landscape 11:7 crop. Mood: edible, bright, radiant."
"GARLIC","FOOD PLANT DANGER","23","garlic","art/garlic.png","Garlic. flat vector game-card illustration, bold simple shapes, thick clean outlines, limited 4-colour palette, single centred subject, dark desaturated blue-slate background, no text, no lettering, landscape 11:7 crop. Mood: edible, botanical, dangerous, threatening."
"PLUM","FOOD PLANT WET","17","plum","art/plum.png","Plum. flat vector game-card illustration, bold simple shapes, thick clean outlines, limited 4-colour palette, single centred subject, dark desaturated blue-slate background, no text, no lettering, landscape 11:7 crop. Mood: edible, botanical, wet, aquatic."
"CHILI","FOOD PLANT HEAT DANGER","20","chili","art/chili.png","Chili. flat vector game-card illustration, bold simple shapes, thick clean outlines, limited 4-colour palette, single centred subject, dark desaturated blue-slate background, no text, no lettering, landscape 11:7 crop. Mood: edible, botanical, hot, fiery, dangerous, threatening."
"BROTH","FOOD WET HEAT","20","broth","art/broth.png","Broth. flat vector game-card illustration, bold simple shapes, thick clean outlines, limited 4-colour palette, single centred subject, dark desaturated blue-slate background, no text, no lettering, landscape 11:7 crop. Mood: edible, wet, aquatic, hot, fiery."
"CRUMB","FOOD","20","crumb","art/crumb.png","Crumb. flat vector game-card illustration, bold simple shapes, thick clean outlines, limited 4-colour palette, single centred subject, dark desaturated blue-slate background, no text, no lettering, landscape 11:7 crop. Mood: edible."
"FEAST","FOOD LOUD MONEY TIME","20","feast","art/feast.png","Feast. flat vector game-card illustration, bold simple shapes, thick clean outlines, limited 4-colour palette, single centred subject, dark desaturated blue-slate background, no text, no lettering, landscape 11:7 crop. Mood: edible, loud, resonant, wealth, currency, aged, temporal."
"YEAST","FOOD MOTION TIME","20","yeast","art/yeast.png","Yeast. flat vector game-card illustration, bold simple shapes, thick clean outlines, limited 4-colour palette, single centred subject, dark desaturated blue-slate background, no text, no lettering, landscape 11:7 crop. Mood: edible, moving, kinetic, aged, temporal."
"BUTTER","FOOD HEAT","23","butter","art/butter.png","Butter. flat vector game-card illustration, bold simple shapes, thick clean outlines, limited 4-colour palette, single centred subject, dark desaturated blue-slate background, no text, no lettering, landscape 11:7 crop. Mood: edible, hot, fiery."
"BRINE","FOOD WET COLD NATURE","20","brine","art/brine.png","Brine. flat vector game-card illustration, bold simple shapes, thick clean outlines, limited 4-colour palette, single centred subject, dark desaturated blue-slate background, no text, no lettering, landscape 11:7 crop. Mood: edible, wet, aquatic, cold, frozen, natural landscape."
"HAMMER","TOOL LOUD DANGER MOTION","23","hammer","art/hammer.png","Hammer. flat vector game-card illustration, bold simple shapes, thick clean outlines, limited 4-colour palette, single centred subject, dark desaturated blue-slate background, no text, no lettering, landscape 11:7 crop. Mood: hand-tool, loud, resonant, dangerous, threatening, moving, kinetic."
"ANVIL","TOOL COLD LOUD","20","anvil","art/anvil.png","Anvil. flat vector game-card illustration, bold simple shapes, thick clean outlines, limited 4-colour palette, single centred subject, dark desaturated blue-slate background, no text, no lettering, landscape 11:7 crop. Mood: hand-tool, cold, frozen, loud, resonant."
"NEEDLE","TOOL DANGER BODY","23","needle","art/needle.png","Needle. flat vector game-card illustration, bold simple shapes, thick clean outlines, limited 4-colour palette, single centred subject, dark desaturated blue-slate background, no text, no lettering, landscape 11:7 crop. Mood: hand-tool, dangerous, threatening, anatomical."
"BLADE","TOOL DANGER BRIGHT COLD","20","blade","art/blade.png","Blade. flat vector game-card illustration, bold simple shapes, thick clean outlines, limited 4-colour palette, single centred subject, dark desaturated blue-slate background, no text, no lettering, landscape 11:7 crop. Mood: hand-tool, dangerous, threatening, bright, radiant, cold, frozen."
"ROPE","TOOL MOTION","17","rope","art/rope.png","Rope. flat vector game-card illustration, bold simple shapes, thick clean outlines, limited 4-colour palette, single centred subject, dark desaturated blue-slate background, no text, no lettering, landscape 11:7 crop. Mood: hand-tool, moving, kinetic."
"LEVER","TOOL MOTION","20","lever","art/lever.png","Lever. flat vector game-card illustration, bold simple shapes, thick clean outlines, limited 4-colour palette, single centred subject, dark desaturated blue-slate background, no text, no lettering, landscape 11:7 crop. Mood: hand-tool, moving, kinetic."
"WRENCH","TOOL MONEY","23","wrench","art/wrench.png","Wrench. flat vector game-card illustration, bold simple shapes, thick clean outlines, limited 4-colour palette, single centred subject, dark desaturated blue-slate background, no text, no lettering, landscape 11:7 crop. Mood: hand-tool, wealth, currency."
"CHISEL","TOOL DANGER","23","chisel","art/chisel.png","Chisel. flat vector game-card illustration, bold simple shapes, thick clean outlines, limited 4-colour palette, single centred subject, dark desaturated blue-slate background, no text, no lettering, landscape 11:7 crop. Mood: hand-tool, dangerous, threatening."
"SAW","TOOL DANGER LOUD MOTION","14","saw","art/saw.png","Saw. flat vector game-card illustration, bold simple shapes, thick clean outlines, limited 4-colour palette, single centred subject, dark desaturated blue-slate background, no text, no lettering, landscape 11:7 crop. Mood: hand-tool, dangerous, threatening, loud, resonant, moving, kinetic."
"LANTERN","TOOL BRIGHT HEAT","26","lantern","art/lantern.png","Lantern. flat vector game-card illustration, bold simple shapes, thick clean outlines, limited 4-colour palette, single centred subject, dark desaturated blue-slate background, no text, no lettering, landscape 11:7 crop. Mood: hand-tool, bright, radiant, hot, fiery."
"COMPASS","TOOL MIND MOTION","26","compass","art/compass.png","Compass. flat vector game-card illustration, bold simple shapes, thick clean outlines, limited 4-colour palette, single centred subject, dark desaturated blue-slate background, no text, no lettering, landscape 11:7 crop. Mood: hand-tool, psychological, cerebral, moving, kinetic."
"CLOCK","TOOL TIME MOTION TECH","20","clock","art/clock.png","Clock. flat vector game-card illustration, bold simple shapes, thick clean outlines, limited 4-colour palette, single centred subject, dark desaturated blue-slate background, no text, no lettering, landscape 11:7 crop. Mood: hand-tool, aged, temporal, moving, kinetic, technological."
"KEY","TOOL MONEY","14","key","art/key.png","Key. flat vector game-card illustration, bold simple shapes, thick clean outlines, limited 4-colour palette, single centred subject, dark desaturated blue-slate background, no text, no lettering, landscape 11:7 crop. Mood: hand-tool, wealth, currency."
"LADDER","TOOL MOTION","23","ladder","art/ladder.png","Ladder. flat vector game-card illustration, bold simple shapes, thick clean outlines, limited 4-colour palette, single centred subject, dark desaturated blue-slate background, no text, no lettering, landscape 11:7 crop. Mood: hand-tool, moving, kinetic."
"NET","TOOL WET ANIMAL","14","net","art/net.png","Net. flat vector game-card illustration, bold simple shapes, thick clean outlines, limited 4-colour palette, single centred subject, dark desaturated blue-slate background, no text, no lettering, landscape 11:7 crop. Mood: hand-tool, wet, aquatic, animal."
"PLOW","TOOL NATURE MOTION","17","plow","art/plow.png","Plow. flat vector game-card illustration, bold simple shapes, thick clean outlines, limited 4-colour palette, single centred subject, dark desaturated blue-slate background, no text, no lettering, landscape 11:7 crop. Mood: hand-tool, natural landscape, moving, kinetic."
"HINGE","TOOL MOTION","20","hinge","art/hinge.png","Hinge. flat vector game-card illustration, bold simple shapes, thick clean outlines, limited 4-colour palette, single centred subject, dark desaturated blue-slate background, no text, no lettering, landscape 11:7 crop. Mood: hand-tool, moving, kinetic."
"FURNACE","TOOL HEAT DANGER LOUD","26","furnace","art/furnace.png","Furnace. flat vector game-card illustration, bold simple shapes, thick clean outlines, limited 4-colour palette, single centred subject, dark desaturated blue-slate background, no text, no lettering, landscape 11:7 crop. Mood: hand-tool, hot, fiery, dangerous, threatening, loud, resonant."
"BELLOWS","TOOL HEAT MOTION LOUD","26","bellows","art/bellows.png","Bellows. flat vector game-card illustration, bold simple shapes, thick clean outlines, limited 4-colour palette, single centred subject, dark desaturated blue-slate background, no text, no lettering, landscape 11:7 crop. Mood: hand-tool, hot, fiery, moving, kinetic, loud, resonant."
"SCAFFOLD","TOOL MOTION DANGER","29","scaffold","art/scaffold.png","Scaffold. flat vector game-card illustration, bold simple shapes, thick clean outlines, limited 4-colour palette, single centred subject, dark desaturated blue-slate background, no text, no lettering, landscape 11:7 crop. Mood: hand-tool, moving, kinetic, dangerous, threatening."
"CRUCIBLE","TOOL HEAT DANGER TIME","29","crucible","art/crucible.png","Crucible. flat vector game-card illustration, bold simple shapes, thick clean outlines, limited 4-colour palette, single centred subject, dark desaturated blue-slate background, no text, no lettering, landscape 11:7 crop. Mood: hand-tool, hot, fiery, dangerous, threatening, aged, temporal."
"SHOVEL","TOOL MOTION NATURE","23","shovel","art/shovel.png","Shovel. flat vector game-card illustration, bold simple shapes, thick clean outlines, limited 4-colour palette, single centred subject, dark desaturated blue-slate background, no text, no lettering, landscape 11:7 crop. Mood: hand-tool, moving, kinetic, natural landscape."
"LOOM","TOOL MOTION TIME","17","loom","art/loom.png","Loom. flat vector game-card illustration, bold simple shapes, thick clean outlines, limited 4-colour palette, single centred subject, dark desaturated blue-slate background, no text, no lettering, landscape 11:7 crop. Mood: hand-tool, moving, kinetic, aged, temporal."
"ENGINE","TECH MOTION HEAT LOUD","23","engine","art/engine.png","Engine. flat vector game-card illustration, bold simple shapes, thick clean outlines, limited 4-colour palette, single centred subject, dark desaturated blue-slate background, no text, no lettering, landscape 11:7 crop. Mood: technological, moving, kinetic, hot, fiery, loud, resonant."
"CIRCUIT","TECH BRIGHT MIND","26","circuit","art/circuit.png","Circuit. flat vector game-card illustration, bold simple shapes, thick clean outlines, limited 4-colour palette, single centred subject, dark desaturated blue-slate background, no text, no lettering, landscape 11:7 crop. Mood: technological, bright, radiant, psychological, cerebral."
"LASER","TECH BRIGHT DANGER HEAT","20","laser","art/laser.png","Laser. flat vector game-card illustration, bold simple shapes, thick clean outlines, limited 4-colour palette, single centred subject, dark desaturated blue-slate background, no text, no lettering, landscape 11:7 crop. Mood: technological, bright, radiant, dangerous, threatening, hot, fiery."
"REACTOR","TECH HEAT DANGER BRIGHT","26","reactor","art/reactor.png","Reactor. flat vector game-card illustration, bold simple shapes, thick clean outlines, limited 4-colour palette, single centred subject, dark desaturated blue-slate background, no text, no lettering, landscape 11:7 crop. Mood: technological, hot, fiery, dangerous, threatening, bright, radiant."
"SATELLITE","TECH MOTION COLD BRIGHT","32","satellite","art/satellite.png","Satellite. flat vector game-card illustration, bold simple shapes, thick clean outlines, limited 4-colour palette, single centred subject, dark desaturated blue-slate background, no text, no lettering, landscape 11:7 crop. Mood: technological, moving, kinetic, cold, frozen, bright, radiant."
"ROBOT","TECH MOTION MIND","20","robot","art/robot.png","Robot. flat vector game-card illustration, bold simple shapes, thick clean outlines, limited 4-colour palette, single centred subject, dark desaturated blue-slate background, no text, no lettering, landscape 11:7 crop. Mood: technological, moving, kinetic, psychological, cerebral."
"CABLE","TECH TOOL","20","cable","art/cable.png","Cable. flat vector game-card illustration, bold simple shapes, thick clean outlines, limited 4-colour palette, single centred subject, dark desaturated blue-slate background, no text, no lettering, landscape 11:7 crop. Mood: technological, hand-tool."
"SERVER","TECH HEAT MIND","23","server","art/server.png","Server. flat vector game-card illustration, bold simple shapes, thick clean outlines, limited 4-colour palette, single centred subject, dark desaturated blue-slate background, no text, no lettering, landscape 11:7 crop. Mood: technological, hot, fiery, psychological, cerebral."
"ALGORITHM","TECH MIND ABSTRACT","32","algorithm","art/algorithm.png","Algorithm. flat vector game-card illustration, bold simple shapes, thick clean outlines, limited 4-colour palette, single centred subject, dark desaturated blue-slate background, no text, no lettering, landscape 11:7 crop. Mood: technological, psychological, cerebral, abstract, conceptual."
"PIXEL","TECH BRIGHT","20","pixel","art/pixel.png","Pixel. flat vector game-card illustration, bold simple shapes, thick clean outlines, limited 4-colour palette, single centred subject, dark desaturated blue-slate background, no text, no lettering, landscape 11:7 crop. Mood: technological, bright, radiant."
"DRONE","TECH MOTION LOUD DANGER","20","drone","art/drone.png","Drone. flat vector game-card illustration, bold simple shapes, thick clean outlines, limited 4-colour palette, single centred subject, dark desaturated blue-slate background, no text, no lettering, landscape 11:7 crop. Mood: technological, moving, kinetic, loud, resonant, dangerous, threatening."
"BATTERY","TECH HEAT MONEY","26","battery","art/battery.png","Battery. flat vector game-card illustration, bold simple shapes, thick clean outlines, limited 4-colour palette, single centred subject, dark desaturated blue-slate background, no text, no lettering, landscape 11:7 crop. Mood: technological, hot, fiery, wealth, currency."
"TURBINE","TECH MOTION LOUD","26","turbine","art/turbine.png","Turbine. flat vector game-card illustration, bold simple shapes, thick clean outlines, limited 4-colour palette, single centred subject, dark desaturated blue-slate background, no text, no lettering, landscape 11:7 crop. Mood: technological, moving, kinetic, loud, resonant."
"MAGNET","TECH MOTION MIND","23","magnet","art/magnet.png","Magnet. flat vector game-card illustration, bold simple shapes, thick clean outlines, limited 4-colour palette, single centred subject, dark desaturated blue-slate background, no text, no lettering, landscape 11:7 crop. Mood: technological, moving, kinetic, psychological, cerebral."
"ANTENNA","TECH MOTION BRIGHT","26","antenna","art/antenna.png","Antenna. flat vector game-card illustration, bold simple shapes, thick clean outlines, limited 4-colour palette, single centred subject, dark desaturated blue-slate background, no text, no lettering, landscape 11:7 crop. Mood: technological, moving, kinetic, bright, radiant."
"FIRMWARE","TECH MIND ABSTRACT","29","firmware","art/firmware.png","Firmware. flat vector game-card illustration, bold simple shapes, thick clean outlines, limited 4-colour palette, single centred subject, dark desaturated blue-slate background, no text, no lettering, landscape 11:7 crop. Mood: technological, psychological, cerebral, abstract, conceptual."
"BANDWIDTH","TECH MOTION ABSTRACT MONEY","32","bandwidth","art/bandwidth.png","Bandwidth. flat vector game-card illustration, bold simple shapes, thick clean outlines, limited 4-colour palette, single centred subject, dark desaturated blue-slate background, no text, no lettering, landscape 11:7 crop. Mood: technological, moving, kinetic, abstract, conceptual, wealth, currency."
"VOLCANO","NATURE HEAT DANGER LOUD","26","volcano","art/volcano.png","Volcano. flat vector game-card illustration, bold simple shapes, thick clean outlines, limited 4-colour palette, single centred subject, dark desaturated blue-slate background, no text, no lettering, landscape 11:7 crop. Mood: natural landscape, hot, fiery, dangerous, threatening, loud, resonant."
"GLACIER","NATURE COLD WET MOTION","26","glacier","art/glacier.png","Glacier. flat vector game-card illustration, bold simple shapes, thick clean outlines, limited 4-colour palette, single centred subject, dark desaturated blue-slate background, no text, no lettering, landscape 11:7 crop. Mood: natural landscape, cold, frozen, wet, aquatic, moving, kinetic."
"AVALANCHE","NATURE COLD MOTION DANGER LOUD","32","avalanche","art/avalanche.png","Avalanche. flat vector game-card illustration, bold simple shapes, thick clean outlines, limited 4-colour palette, single centred subject, dark desaturated blue-slate background, no text, no lettering, landscape 11:7 crop. Mood: natural landscape, cold, frozen, moving, kinetic, dangerous, threatening, loud, resonant."
"THUNDER","NATURE LOUD DANGER BRIGHT","26","thunder","art/thunder.png","Thunder. flat vector game-card illustration, bold simple shapes, thick clean outlines, limited 4-colour palette, single centred subject, dark desaturated blue-slate background, no text, no lettering, landscape 11:7 crop. Mood: natural landscape, loud, resonant, dangerous, threatening, bright, radiant."
"MONSOON","NATURE WET MOTION LOUD","26","monsoon","art/monsoon.png","Monsoon. flat vector game-card illustration, bold simple shapes, thick clean outlines, limited 4-colour palette, single centred subject, dark desaturated blue-slate background, no text, no lettering, landscape 11:7 crop. Mood: natural landscape, wet, aquatic, moving, kinetic, loud, resonant."
"DESERT","NATURE HEAT TIME","23","desert","art/desert.png","Desert. flat vector game-card illustration, bold simple shapes, thick clean outlines, limited 4-colour palette, single centred subject, dark desaturated blue-slate background, no text, no lettering, landscape 11:7 crop. Mood: natural landscape, hot, fiery, aged, temporal."
"CANYON","NATURE DARK TIME","23","canyon","art/canyon.png","Canyon. flat vector game-card illustration, bold simple shapes, thick clean outlines, limited 4-colour palette, single centred subject, dark desaturated blue-slate background, no text, no lettering, landscape 11:7 crop. Mood: natural landscape, dark, shadowy, aged, temporal."
"TIDE","NATURE WET MOTION TIME","17","tide","art/tide.png","Tide. flat vector game-card illustration, bold simple shapes, thick clean outlines, limited 4-colour palette, single centred subject, dark desaturated blue-slate background, no text, no lettering, landscape 11:7 crop. Mood: natural landscape, wet, aquatic, moving, kinetic, aged, temporal."
"EMBER","NATURE HEAT BRIGHT DARK","20","ember","art/ember.png","Ember. flat vector game-card illustration, bold simple shapes, thick clean outlines, limited 4-colour palette, single centred subject, dark desaturated blue-slate background, no text, no lettering, landscape 11:7 crop. Mood: natural landscape, hot, fiery, bright, radiant, dark, shadowy."
"FROST","NATURE COLD BRIGHT","20","frost","art/frost.png","Frost. flat vector game-card illustration, bold simple shapes, thick clean outlines, limited 4-colour palette, single centred subject, dark desaturated blue-slate background, no text, no lettering, landscape 11:7 crop. Mood: natural landscape, cold, frozen, bright, radiant."
"FOG","NATURE COLD WET DARK","14","fog","art/fog.png","Fog. flat vector game-card illustration, bold simple shapes, thick clean outlines, limited 4-colour palette, single centred subject, dark desaturated blue-slate background, no text, no lettering, landscape 11:7 crop. Mood: natural landscape, cold, frozen, wet, aquatic, dark, shadowy."
"GEYSER","NATURE HEAT WET MOTION","23","geyser","art/geyser.png","Geyser. flat vector game-card illustration, bold simple shapes, thick clean outlines, limited 4-colour palette, single centred subject, dark desaturated blue-slate background, no text, no lettering, landscape 11:7 crop. Mood: natural landscape, hot, fiery, wet, aquatic, moving, kinetic."
"MAGMA","NATURE HEAT DANGER BRIGHT","20","magma","art/magma.png","Magma. flat vector game-card illustration, bold simple shapes, thick clean outlines, limited 4-colour palette, single centred subject, dark desaturated blue-slate background, no text, no lettering, landscape 11:7 crop. Mood: natural landscape, hot, fiery, dangerous, threatening, bright, radiant."
"TUNDRA","NATURE COLD TIME","23","tundra","art/tundra.png","Tundra. flat vector game-card illustration, bold simple shapes, thick clean outlines, limited 4-colour palette, single centred subject, dark desaturated blue-slate background, no text, no lettering, landscape 11:7 crop. Mood: natural landscape, cold, frozen, aged, temporal."
"SWAMP","NATURE WET DARK DANGER","20","swamp","art/swamp.png","Swamp. flat vector game-card illustration, bold simple shapes, thick clean outlines, limited 4-colour palette, single centred subject, dark desaturated blue-slate background, no text, no lettering, landscape 11:7 crop. Mood: natural landscape, wet, aquatic, dark, shadowy, dangerous, threatening."
"SUMMIT","NATURE COLD BRIGHT","23","summit","art/summit.png","Summit. flat vector game-card illustration, bold simple shapes, thick clean outlines, limited 4-colour palette, single centred subject, dark desaturated blue-slate background, no text, no lettering, landscape 11:7 crop. Mood: natural landscape, cold, frozen, bright, radiant."
"QUARRY","NATURE TOOL DANGER","23","quarry","art/quarry.png","Quarry. flat vector game-card illustration, bold simple shapes, thick clean outlines, limited 4-colour palette, single centred subject, dark desaturated blue-slate background, no text, no lettering, landscape 11:7 crop. Mood: natural landscape, hand-tool, dangerous, threatening."
"DUST","NATURE DARK TIME","17","dust","art/dust.png","Dust. flat vector game-card illustration, bold simple shapes, thick clean outlines, limited 4-colour palette, single centred subject, dark desaturated blue-slate background, no text, no lettering, landscape 11:7 crop. Mood: natural landscape, dark, shadowy, aged, temporal."
"ECLIPSE","NATURE DARK TIME BRIGHT","26","eclipse","art/eclipse.png","Eclipse. flat vector game-card illustration, bold simple shapes, thick clean outlines, limited 4-colour palette, single centred subject, dark desaturated blue-slate background, no text, no lettering, landscape 11:7 crop. Mood: natural landscape, dark, shadowy, aged, temporal, bright, radiant."
"BLIZZARD","NATURE COLD MOTION LOUD DANGER","29","blizzard","art/blizzard.png","Blizzard. flat vector game-card illustration, bold simple shapes, thick clean outlines, limited 4-colour palette, single centred subject, dark desaturated blue-slate background, no text, no lettering, landscape 11:7 crop. Mood: natural landscape, cold, frozen, moving, kinetic, loud, resonant, dangerous, threatening."
"ICICLE","NATURE COLD DANGER BRIGHT","23","icicle","art/icicle.png","Icicle. flat vector game-card illustration, bold simple shapes, thick clean outlines, limited 4-colour palette, single centred subject, dark desaturated blue-slate background, no text, no lettering, landscape 11:7 crop. Mood: natural landscape, cold, frozen, dangerous, threatening, bright, radiant."
"PERMAFROST","NATURE COLD TIME","35","permafrost","art/permafrost.png","Permafrost. flat vector game-card illustration, bold simple shapes, thick clean outlines, limited 4-colour palette, single centred subject, dark desaturated blue-slate background, no text, no lettering, landscape 11:7 crop. Mood: natural landscape, cold, frozen, aged, temporal."
"WILDFIRE","NATURE HEAT DANGER MOTION BRIGHT","29","wildfire","art/wildfire.png","Wildfire. flat vector game-card illustration, bold simple shapes, thick clean outlines, limited 4-colour palette, single centred subject, dark desaturated blue-slate background, no text, no lettering, landscape 11:7 crop. Mood: natural landscape, hot, fiery, dangerous, threatening, moving, kinetic, bright, radiant."
"SANDSTORM","NATURE HEAT MOTION DANGER DARK","32","sandstorm","art/sandstorm.png","Sandstorm. flat vector game-card illustration, bold simple shapes, thick clean outlines, limited 4-colour palette, single centred subject, dark desaturated blue-slate background, no text, no lettering, landscape 11:7 crop. Mood: natural landscape, hot, fiery, moving, kinetic, dangerous, threatening, dark, shadowy."
"CAVERN","NATURE DARK COLD TIME","23","cavern","art/cavern.png","Cavern. flat vector game-card illustration, bold simple shapes, thick clean outlines, limited 4-colour palette, single centred subject, dark desaturated blue-slate background, no text, no lettering, landscape 11:7 crop. Mood: natural landscape, dark, shadowy, cold, frozen, aged, temporal."
"DELTA","NATURE WET MOTION","20","delta","art/delta.png","Delta. flat vector game-card illustration, bold simple shapes, thick clean outlines, limited 4-colour palette, single centred subject, dark desaturated blue-slate background, no text, no lettering, landscape 11:7 crop. Mood: natural landscape, wet, aquatic, moving, kinetic."
"RIVER","NATURE WET MOTION","20","river","art/river.png","River. flat vector game-card illustration, bold simple shapes, thick clean outlines, limited 4-colour palette, single centred subject, dark desaturated blue-slate background, no text, no lettering, landscape 11:7 crop. Mood: natural landscape, wet, aquatic, moving, kinetic."
"MARSH","NATURE WET DARK","20","marsh","art/marsh.png","Marsh. flat vector game-card illustration, bold simple shapes, thick clean outlines, limited 4-colour palette, single centred subject, dark desaturated blue-slate background, no text, no lettering, landscape 11:7 crop. Mood: natural landscape, wet, aquatic, dark, shadowy."
"DELUGE","NATURE WET MOTION DANGER LOUD","23","deluge","art/deluge.png","Deluge. flat vector game-card illustration, bold simple shapes, thick clean outlines, limited 4-colour palette, single centred subject, dark desaturated blue-slate background, no text, no lettering, landscape 11:7 crop. Mood: natural landscape, wet, aquatic, moving, kinetic, dangerous, threatening, loud, resonant."
"DRIZZLE","NATURE WET COLD","26","drizzle","art/drizzle.png","Drizzle. flat vector game-card illustration, bold simple shapes, thick clean outlines, limited 4-colour palette, single centred subject, dark desaturated blue-slate background, no text, no lettering, landscape 11:7 crop. Mood: natural landscape, wet, aquatic, cold, frozen."
"STEAM","NATURE WET HEAT MOTION","20","steam","art/steam.png","Steam. flat vector game-card illustration, bold simple shapes, thick clean outlines, limited 4-colour palette, single centred subject, dark desaturated blue-slate background, no text, no lettering, landscape 11:7 crop. Mood: natural landscape, wet, aquatic, hot, fiery, moving, kinetic."
"CASCADE","NATURE WET MOTION LOUD","26","cascade","art/cascade.png","Cascade. flat vector game-card illustration, bold simple shapes, thick clean outlines, limited 4-colour palette, single centred subject, dark desaturated blue-slate background, no text, no lettering, landscape 11:7 crop. Mood: natural landscape, wet, aquatic, moving, kinetic, loud, resonant."
"UNDERTOW","NATURE WET MOTION DANGER DARK","29","undertow","art/undertow.png","Undertow. flat vector game-card illustration, bold simple shapes, thick clean outlines, limited 4-colour palette, single centred subject, dark desaturated blue-slate background, no text, no lettering, landscape 11:7 crop. Mood: natural landscape, wet, aquatic, moving, kinetic, dangerous, threatening, dark, shadowy."
"MONOLITH","NATURE TIME DARK","29","monolith","art/monolith.png","Monolith. flat vector game-card illustration, bold simple shapes, thick clean outlines, limited 4-colour palette, single centred subject, dark desaturated blue-slate background, no text, no lettering, landscape 11:7 crop. Mood: natural landscape, aged, temporal, dark, shadowy."
"DEBT","MONEY ABSTRACT DANGER TIME","17","debt","art/debt.png","Debt. flat vector game-card illustration, bold simple shapes, thick clean outlines, limited 4-colour palette, single centred subject, dark desaturated blue-slate background, no text, no lettering, landscape 11:7 crop. Mood: wealth, currency, abstract, conceptual, dangerous, threatening, aged, temporal."
"GOLD","MONEY BRIGHT COLD","17","gold","art/gold.png","Gold. flat vector game-card illustration, bold simple shapes, thick clean outlines, limited 4-colour palette, single centred subject, dark desaturated blue-slate background, no text, no lettering, landscape 11:7 crop. Mood: wealth, currency, bright, radiant, cold, frozen."
"RANSOM","MONEY DANGER ABSTRACT","23","ransom","art/ransom.png","Ransom. flat vector game-card illustration, bold simple shapes, thick clean outlines, limited 4-colour palette, single centred subject, dark desaturated blue-slate background, no text, no lettering, landscape 11:7 crop. Mood: wealth, currency, dangerous, threatening, abstract, conceptual."
"MARKET","MONEY LOUD MIND","23","market","art/market.png","Market. flat vector game-card illustration, bold simple shapes, thick clean outlines, limited 4-colour palette, single centred subject, dark desaturated blue-slate background, no text, no lettering, landscape 11:7 crop. Mood: wealth, currency, loud, resonant, psychological, cerebral."
"WAGE","MONEY TIME ABSTRACT","17","wage","art/wage.png","Wage. flat vector game-card illustration, bold simple shapes, thick clean outlines, limited 4-colour palette, single centred subject, dark desaturated blue-slate background, no text, no lettering, landscape 11:7 crop. Mood: wealth, currency, aged, temporal, abstract, conceptual."
"VAULT","MONEY DARK COLD","20","vault","art/vault.png","Vault. flat vector game-card illustration, bold simple shapes, thick clean outlines, limited 4-colour palette, single centred subject, dark desaturated blue-slate background, no text, no lettering, landscape 11:7 crop. Mood: wealth, currency, dark, shadowy, cold, frozen."
"COIN","MONEY BRIGHT","17","coin","art/coin.png","Coin. flat vector game-card illustration, bold simple shapes, thick clean outlines, limited 4-colour palette, single centred subject, dark desaturated blue-slate background, no text, no lettering, landscape 11:7 crop. Mood: wealth, currency, bright, radiant."
"INHERITANCE","MONEY TIME ABSTRACT","38","inheritance","art/inheritance.png","Inheritance. flat vector game-card illustration, bold simple shapes, thick clean outlines, limited 4-colour palette, single centred subject, dark desaturated blue-slate background, no text, no lettering, landscape 11:7 crop. Mood: wealth, currency, aged, temporal, abstract, conceptual."
"AUCTION","MONEY LOUD MIND","26","auction","art/auction.png","Auction. flat vector game-card illustration, bold simple shapes, thick clean outlines, limited 4-colour palette, single centred subject, dark desaturated blue-slate background, no text, no lettering, landscape 11:7 crop. Mood: wealth, currency, loud, resonant, psychological, cerebral."
"TARIFF","MONEY ABSTRACT MIND","23","tariff","art/tariff.png","Tariff. flat vector game-card illustration, bold simple shapes, thick clean outlines, limited 4-colour palette, single centred subject, dark desaturated blue-slate background, no text, no lettering, landscape 11:7 crop. Mood: wealth, currency, abstract, conceptual, psychological, cerebral."
"BULLION","MONEY BRIGHT COLD","26","bullion","art/bullion.png","Bullion. flat vector game-card illustration, bold simple shapes, thick clean outlines, limited 4-colour palette, single centred subject, dark desaturated blue-slate background, no text, no lettering, landscape 11:7 crop. Mood: wealth, currency, bright, radiant, cold, frozen."
"PENSION","MONEY TIME ABSTRACT","26","pension","art/pension.png","Pension. flat vector game-card illustration, bold simple shapes, thick clean outlines, limited 4-colour palette, single centred subject, dark desaturated blue-slate background, no text, no lettering, landscape 11:7 crop. Mood: wealth, currency, aged, temporal, abstract, conceptual."
"DREAM","MIND ABSTRACT DARK","20","dream","art/dream.png","Dream. flat vector game-card illustration, bold simple shapes, thick clean outlines, limited 4-colour palette, single centred subject, dark desaturated blue-slate background, no text, no lettering, landscape 11:7 crop. Mood: psychological, cerebral, abstract, conceptual, dark, shadowy."
"MEMORY","MIND ABSTRACT TIME","23","memory","art/memory.png","Memory. flat vector game-card illustration, bold simple shapes, thick clean outlines, limited 4-colour palette, single centred subject, dark desaturated blue-slate background, no text, no lettering, landscape 11:7 crop. Mood: psychological, cerebral, abstract, conceptual, aged, temporal."
"PANIC","MIND ABSTRACT MOTION DANGER LOUD","20","panic","art/panic.png","Panic. flat vector game-card illustration, bold simple shapes, thick clean outlines, limited 4-colour palette, single centred subject, dark desaturated blue-slate background, no text, no lettering, landscape 11:7 crop. Mood: psychological, cerebral, abstract, conceptual, moving, kinetic, dangerous, threatening, loud, resonant."
"DOUBT","MIND ABSTRACT DARK","20","doubt","art/doubt.png","Doubt. flat vector game-card illustration, bold simple shapes, thick clean outlines, limited 4-colour palette, single centred subject, dark desaturated blue-slate background, no text, no lettering, landscape 11:7 crop. Mood: psychological, cerebral, abstract, conceptual, dark, shadowy."
"GENIUS","MIND ABSTRACT BRIGHT","23","genius","art/genius.png","Genius. flat vector game-card illustration, bold simple shapes, thick clean outlines, limited 4-colour palette, single centred subject, dark desaturated blue-slate background, no text, no lettering, landscape 11:7 crop. Mood: psychological, cerebral, abstract, conceptual, bright, radiant."
"GRUDGE","MIND ABSTRACT TIME DANGER","23","grudge","art/grudge.png","Grudge. flat vector game-card illustration, bold simple shapes, thick clean outlines, limited 4-colour palette, single centred subject, dark desaturated blue-slate background, no text, no lettering, landscape 11:7 crop. Mood: psychological, cerebral, abstract, conceptual, aged, temporal, dangerous, threatening."
"WHIM","MIND ABSTRACT MOTION","17","whim","art/whim.png","Whim. flat vector game-card illustration, bold simple shapes, thick clean outlines, limited 4-colour palette, single centred subject, dark desaturated blue-slate background, no text, no lettering, landscape 11:7 crop. Mood: psychological, cerebral, abstract, conceptual, moving, kinetic."
"LOGIC","MIND ABSTRACT COLD","20","logic","art/logic.png","Logic. flat vector game-card illustration, bold simple shapes, thick clean outlines, limited 4-colour palette, single centred subject, dark desaturated blue-slate background, no text, no lettering, landscape 11:7 crop. Mood: psychological, cerebral, abstract, conceptual, cold, frozen."
"OMEN","MIND ABSTRACT DARK TIME DANGER","17","omen","art/omen.png","Omen. flat vector game-card illustration, bold simple shapes, thick clean outlines, limited 4-colour palette, single centred subject, dark desaturated blue-slate background, no text, no lettering, landscape 11:7 crop. Mood: psychological, cerebral, abstract, conceptual, dark, shadowy, aged, temporal, dangerous, threatening."
"RIDDLE","MIND ABSTRACT TIME","23","riddle","art/riddle.png","Riddle. flat vector game-card illustration, bold simple shapes, thick clean outlines, limited 4-colour palette, single centred subject, dark desaturated blue-slate background, no text, no lettering, landscape 11:7 crop. Mood: psychological, cerebral, abstract, conceptual, aged, temporal."
"NOSTALGIA","MIND ABSTRACT TIME WET","32","nostalgia","art/nostalgia.png","Nostalgia. flat vector game-card illustration, bold simple shapes, thick clean outlines, limited 4-colour palette, single centred subject, dark desaturated blue-slate background, no text, no lettering, landscape 11:7 crop. Mood: psychological, cerebral, abstract, conceptual, aged, temporal, wet, aquatic."
"VERTIGO","MIND ABSTRACT MOTION DANGER","26","vertigo","art/vertigo.png","Vertigo. flat vector game-card illustration, bold simple shapes, thick clean outlines, limited 4-colour palette, single centred subject, dark desaturated blue-slate background, no text, no lettering, landscape 11:7 crop. Mood: psychological, cerebral, abstract, conceptual, moving, kinetic, dangerous, threatening."
"INSTINCT","MIND ABSTRACT MOTION ANIMAL","29","instinct","art/instinct.png","Instinct. flat vector game-card illustration, bold simple shapes, thick clean outlines, limited 4-colour palette, single centred subject, dark desaturated blue-slate background, no text, no lettering, landscape 11:7 crop. Mood: psychological, cerebral, abstract, conceptual, moving, kinetic, animal."
"PARANOIA","MIND ABSTRACT DARK DANGER","29","paranoia","art/paranoia.png","Paranoia. flat vector game-card illustration, bold simple shapes, thick clean outlines, limited 4-colour palette, single centred subject, dark desaturated blue-slate background, no text, no lettering, landscape 11:7 crop. Mood: psychological, cerebral, abstract, conceptual, dark, shadowy, dangerous, threatening."
"EPIPHANY","MIND ABSTRACT BRIGHT","29","epiphany","art/epiphany.png","Epiphany. flat vector game-card illustration, bold simple shapes, thick clean outlines, limited 4-colour palette, single centred subject, dark desaturated blue-slate background, no text, no lettering, landscape 11:7 crop. Mood: psychological, cerebral, abstract, conceptual, bright, radiant."
"SPITE","MIND ABSTRACT HEAT DANGER","20","spite","art/spite.png","Spite. flat vector game-card illustration, bold simple shapes, thick clean outlines, limited 4-colour palette, single centred subject, dark desaturated blue-slate background, no text, no lettering, landscape 11:7 crop. Mood: psychological, cerebral, abstract, conceptual, hot, fiery, dangerous, threatening."
"RESOLVE","MIND ABSTRACT COLD","26","resolve","art/resolve.png","Resolve. flat vector game-card illustration, bold simple shapes, thick clean outlines, limited 4-colour palette, single centred subject, dark desaturated blue-slate background, no text, no lettering, landscape 11:7 crop. Mood: psychological, cerebral, abstract, conceptual, cold, frozen."
"HUNCH","MIND ABSTRACT","20","hunch","art/hunch.png","Hunch. flat vector game-card illustration, bold simple shapes, thick clean outlines, limited 4-colour palette, single centred subject, dark desaturated blue-slate background, no text, no lettering, landscape 11:7 crop. Mood: psychological, cerebral, abstract, conceptual."
"DECADE","TIME ABSTRACT","23","decade","art/decade.png","Decade. flat vector game-card illustration, bold simple shapes, thick clean outlines, limited 4-colour palette, single centred subject, dark desaturated blue-slate background, no text, no lettering, landscape 11:7 crop. Mood: aged, temporal, abstract, conceptual."
"RUIN","TIME DARK DANGER","17","ruin","art/ruin.png","Ruin. flat vector game-card illustration, bold simple shapes, thick clean outlines, limited 4-colour palette, single centred subject, dark desaturated blue-slate background, no text, no lettering, landscape 11:7 crop. Mood: aged, temporal, dark, shadowy, dangerous, threatening."
"FOSSIL","TIME COLD NATURE","23","fossil","art/fossil.png","Fossil. flat vector game-card illustration, bold simple shapes, thick clean outlines, limited 4-colour palette, single centred subject, dark desaturated blue-slate background, no text, no lettering, landscape 11:7 crop. Mood: aged, temporal, cold, frozen, natural landscape."
"DAWN","TIME BRIGHT","17","dawn","art/dawn.png","Dawn. flat vector game-card illustration, bold simple shapes, thick clean outlines, limited 4-colour palette, single centred subject, dark desaturated blue-slate background, no text, no lettering, landscape 11:7 crop. Mood: aged, temporal, bright, radiant."
"MIDNIGHT","TIME DARK COLD","29","midnight","art/midnight.png","Midnight. flat vector game-card illustration, bold simple shapes, thick clean outlines, limited 4-colour palette, single centred subject, dark desaturated blue-slate background, no text, no lettering, landscape 11:7 crop. Mood: aged, temporal, dark, shadowy, cold, frozen."
"DEADLINE","TIME ABSTRACT DANGER","29","deadline","art/deadline.png","Deadline. flat vector game-card illustration, bold simple shapes, thick clean outlines, limited 4-colour palette, single centred subject, dark desaturated blue-slate background, no text, no lettering, landscape 11:7 crop. Mood: aged, temporal, abstract, conceptual, dangerous, threatening."
"RUST","TIME WET DARK DANGER","17","rust","art/rust.png","Rust. flat vector game-card illustration, bold simple shapes, thick clean outlines, limited 4-colour palette, single centred subject, dark desaturated blue-slate background, no text, no lettering, landscape 11:7 crop. Mood: aged, temporal, wet, aquatic, dark, shadowy, dangerous, threatening."
"ANTIQUE","TIME MONEY","26","antique","art/antique.png","Antique. flat vector game-card illustration, bold simple shapes, thick clean outlines, limited 4-colour palette, single centred subject, dark desaturated blue-slate background, no text, no lettering, landscape 11:7 crop. Mood: aged, temporal, wealth, currency."
"SOLSTICE","TIME BRIGHT NATURE","29","solstice","art/solstice.png","Solstice. flat vector game-card illustration, bold simple shapes, thick clean outlines, limited 4-colour palette, single centred subject, dark desaturated blue-slate background, no text, no lettering, landscape 11:7 crop. Mood: aged, temporal, bright, radiant, natural landscape."
"JUBILEE","TIME LOUD MONEY BRIGHT","26","jubilee","art/jubilee.png","Jubilee. flat vector game-card illustration, bold simple shapes, thick clean outlines, limited 4-colour palette, single centred subject, dark desaturated blue-slate background, no text, no lettering, landscape 11:7 crop. Mood: aged, temporal, loud, resonant, wealth, currency, bright, radiant."
"RELIC","TIME MONEY DARK","20","relic","art/relic.png","Relic. flat vector game-card illustration, bold simple shapes, thick clean outlines, limited 4-colour palette, single centred subject, dark desaturated blue-slate background, no text, no lettering, landscape 11:7 crop. Mood: aged, temporal, wealth, currency, dark, shadowy."
"ERA","TIME ABSTRACT","14","era","art/era.png","Era. flat vector game-card illustration, bold simple shapes, thick clean outlines, limited 4-colour palette, single centred subject, dark desaturated blue-slate background, no text, no lettering, landscape 11:7 crop. Mood: aged, temporal, abstract, conceptual."
"SIEGE","DANGER TIME LOUD","20","siege","art/siege.png","Siege. flat vector game-card illustration, bold simple shapes, thick clean outlines, limited 4-colour palette, single centred subject, dark desaturated blue-slate background, no text, no lettering, landscape 11:7 crop. Mood: dangerous, threatening, aged, temporal, loud, resonant."
"AMBUSH","DANGER MOTION DARK","23","ambush","art/ambush.png","Ambush. flat vector game-card illustration, bold simple shapes, thick clean outlines, limited 4-colour palette, single centred subject, dark desaturated blue-slate background, no text, no lettering, landscape 11:7 crop. Mood: dangerous, threatening, moving, kinetic, dark, shadowy."
"CANNON","DANGER LOUD TOOL HEAT","23","cannon","art/cannon.png","Cannon. flat vector game-card illustration, bold simple shapes, thick clean outlines, limited 4-colour palette, single centred subject, dark desaturated blue-slate background, no text, no lettering, landscape 11:7 crop. Mood: dangerous, threatening, loud, resonant, hand-tool, hot, fiery."
"TRENCH","DANGER DARK WET","23","trench","art/trench.png","Trench. flat vector game-card illustration, bold simple shapes, thick clean outlines, limited 4-colour palette, single centred subject, dark desaturated blue-slate background, no text, no lettering, landscape 11:7 crop. Mood: dangerous, threatening, dark, shadowy, wet, aquatic."
"ARMADA","DANGER MOTION WET MONEY","23","armada","art/armada.png","Armada. flat vector game-card illustration, bold simple shapes, thick clean outlines, limited 4-colour palette, single centred subject, dark desaturated blue-slate background, no text, no lettering, landscape 11:7 crop. Mood: dangerous, threatening, moving, kinetic, wet, aquatic, wealth, currency."
"MUTINY","DANGER LOUD MIND","23","mutiny","art/mutiny.png","Mutiny. flat vector game-card illustration, bold simple shapes, thick clean outlines, limited 4-colour palette, single centred subject, dark desaturated blue-slate background, no text, no lettering, landscape 11:7 crop. Mood: dangerous, threatening, loud, resonant, psychological, cerebral."
"SHRAPNEL","DANGER MOTION TOOL","29","shrapnel","art/shrapnel.png","Shrapnel. flat vector game-card illustration, bold simple shapes, thick clean outlines, limited 4-colour palette, single centred subject, dark desaturated blue-slate background, no text, no lettering, landscape 11:7 crop. Mood: dangerous, threatening, moving, kinetic, hand-tool."
"GALLOWS","DANGER DARK TIME TOOL","26","gallows","art/gallows.png","Gallows. flat vector game-card illustration, bold simple shapes, thick clean outlines, limited 4-colour palette, single centred subject, dark desaturated blue-slate background, no text, no lettering, landscape 11:7 crop. Mood: dangerous, threatening, dark, shadowy, aged, temporal, hand-tool."
"VENOM","DANGER WET ANIMAL BODY","20","venom","art/venom.png","Venom. flat vector game-card illustration, bold simple shapes, thick clean outlines, limited 4-colour palette, single centred subject, dark desaturated blue-slate background, no text, no lettering, landscape 11:7 crop. Mood: dangerous, threatening, wet, aquatic, animal, anatomical."
"LANDMINE","DANGER DARK TECH","29","landmine","art/landmine.png","Landmine. flat vector game-card illustration, bold simple shapes, thick clean outlines, limited 4-colour palette, single centred subject, dark desaturated blue-slate background, no text, no lettering, landscape 11:7 crop. Mood: dangerous, threatening, dark, shadowy, technological."
"SIREN","LOUD DANGER BRIGHT TECH","20","siren","art/siren.png","Siren. flat vector game-card illustration, bold simple shapes, thick clean outlines, limited 4-colour palette, single centred subject, dark desaturated blue-slate background, no text, no lettering, landscape 11:7 crop. Mood: loud, resonant, dangerous, threatening, bright, radiant, technological."
"DRUM","LOUD TOOL MOTION","17","drum","art/drum.png","Drum. flat vector game-card illustration, bold simple shapes, thick clean outlines, limited 4-colour palette, single centred subject, dark desaturated blue-slate background, no text, no lettering, landscape 11:7 crop. Mood: loud, resonant, hand-tool, moving, kinetic."
"ROAR","LOUD ANIMAL DANGER","17","roar","art/roar.png","Roar. flat vector game-card illustration, bold simple shapes, thick clean outlines, limited 4-colour palette, single centred subject, dark desaturated blue-slate background, no text, no lettering, landscape 11:7 crop. Mood: loud, resonant, animal, dangerous, threatening."
"APPLAUSE","LOUD MIND MOTION","29","applause","art/applause.png","Applause. flat vector game-card illustration, bold simple shapes, thick clean outlines, limited 4-colour palette, single centred subject, dark desaturated blue-slate background, no text, no lettering, landscape 11:7 crop. Mood: loud, resonant, psychological, cerebral, moving, kinetic."
"STAMPEDE","LOUD ANIMAL MOTION DANGER","29","stampede","art/stampede.png","Stampede. flat vector game-card illustration, bold simple shapes, thick clean outlines, limited 4-colour palette, single centred subject, dark desaturated blue-slate background, no text, no lettering, landscape 11:7 crop. Mood: loud, resonant, animal, moving, kinetic, dangerous, threatening."
"CHOIR","LOUD MIND BRIGHT","20","choir","art/choir.png","Choir. flat vector game-card illustration, bold simple shapes, thick clean outlines, limited 4-colour palette, single centred subject, dark desaturated blue-slate background, no text, no lettering, landscape 11:7 crop. Mood: loud, resonant, psychological, cerebral, bright, radiant."
"FANFARE","LOUD BRIGHT MONEY","26","fanfare","art/fanfare.png","Fanfare. flat vector game-card illustration, bold simple shapes, thick clean outlines, limited 4-colour palette, single centred subject, dark desaturated blue-slate background, no text, no lettering, landscape 11:7 crop. Mood: loud, resonant, bright, radiant, wealth, currency."
"CLAMOUR","LOUD MIND MOTION","26","clamour","art/clamour.png","Clamour. flat vector game-card illustration, bold simple shapes, thick clean outlines, limited 4-colour palette, single centred subject, dark desaturated blue-slate background, no text, no lettering, landscape 11:7 crop. Mood: loud, resonant, psychological, cerebral, moving, kinetic."
"BEACON","BRIGHT TOOL DANGER","23","beacon","art/beacon.png","Beacon. flat vector game-card illustration, bold simple shapes, thick clean outlines, limited 4-colour palette, single centred subject, dark desaturated blue-slate background, no text, no lettering, landscape 11:7 crop. Mood: bright, radiant, hand-tool, dangerous, threatening."
"PRISM","BRIGHT TOOL MIND","20","prism","art/prism.png","Prism. flat vector game-card illustration, bold simple shapes, thick clean outlines, limited 4-colour palette, single centred subject, dark desaturated blue-slate background, no text, no lettering, landscape 11:7 crop. Mood: bright, radiant, hand-tool, psychological, cerebral."
"NEON","BRIGHT TECH DARK","17","neon","art/neon.png","Neon. flat vector game-card illustration, bold simple shapes, thick clean outlines, limited 4-colour palette, single centred subject, dark desaturated blue-slate background, no text, no lettering, landscape 11:7 crop. Mood: bright, radiant, technological, dark, shadowy."
"COMET","BRIGHT MOTION NATURE COLD","20","comet","art/comet.png","Comet. flat vector game-card illustration, bold simple shapes, thick clean outlines, limited 4-colour palette, single centred subject, dark desaturated blue-slate background, no text, no lettering, landscape 11:7 crop. Mood: bright, radiant, moving, kinetic, natural landscape, cold, frozen."
"AURORA","BRIGHT COLD NATURE DARK","23","aurora","art/aurora.png","Aurora. flat vector game-card illustration, bold simple shapes, thick clean outlines, limited 4-colour palette, single centred subject, dark desaturated blue-slate background, no text, no lettering, landscape 11:7 crop. Mood: bright, radiant, cold, frozen, natural landscape, dark, shadowy."
"FLARE","BRIGHT HEAT DANGER MOTION","20","flare","art/flare.png","Flare. flat vector game-card illustration, bold simple shapes, thick clean outlines, limited 4-colour palette, single centred subject, dark desaturated blue-slate background, no text, no lettering, landscape 11:7 crop. Mood: bright, radiant, hot, fiery, dangerous, threatening, moving, kinetic."
"HALO","BRIGHT MIND ABSTRACT","17","halo","art/halo.png","Halo. flat vector game-card illustration, bold simple shapes, thick clean outlines, limited 4-colour palette, single centred subject, dark desaturated blue-slate background, no text, no lettering, landscape 11:7 crop. Mood: bright, radiant, psychological, cerebral, abstract, conceptual."
"GLINT","BRIGHT COLD","20","glint","art/glint.png","Glint. flat vector game-card illustration, bold simple shapes, thick clean outlines, limited 4-colour palette, single centred subject, dark desaturated blue-slate background, no text, no lettering, landscape 11:7 crop. Mood: bright, radiant, cold, frozen."
"SHADOW","DARK ABSTRACT COLD","23","shadow","art/shadow.png","Shadow. flat vector game-card illustration, bold simple shapes, thick clean outlines, limited 4-colour palette, single centred subject, dark desaturated blue-slate background, no text, no lettering, landscape 11:7 crop. Mood: dark, shadowy, abstract, conceptual, cold, frozen."
"CRYPT","DARK COLD TIME DANGER","20","crypt","art/crypt.png","Crypt. flat vector game-card illustration, bold simple shapes, thick clean outlines, limited 4-colour palette, single centred subject, dark desaturated blue-slate background, no text, no lettering, landscape 11:7 crop. Mood: dark, shadowy, cold, frozen, aged, temporal, dangerous, threatening."
"INK","DARK WET TOOL MIND","14","ink","art/ink.png","Ink. flat vector game-card illustration, bold simple shapes, thick clean outlines, limited 4-colour palette, single centred subject, dark desaturated blue-slate background, no text, no lettering, landscape 11:7 crop. Mood: dark, shadowy, wet, aquatic, hand-tool, psychological, cerebral."
"SOOT","DARK HEAT TIME","17","soot","art/soot.png","Soot. flat vector game-card illustration, bold simple shapes, thick clean outlines, limited 4-colour palette, single centred subject, dark desaturated blue-slate background, no text, no lettering, landscape 11:7 crop. Mood: dark, shadowy, hot, fiery, aged, temporal."
"ABYSS","DARK WET DANGER ABSTRACT","20","abyss","art/abyss.png","Abyss. flat vector game-card illustration, bold simple shapes, thick clean outlines, limited 4-colour palette, single centred subject, dark desaturated blue-slate background, no text, no lettering, landscape 11:7 crop. Mood: dark, shadowy, wet, aquatic, dangerous, threatening, abstract, conceptual."
"CINDER","DARK HEAT TIME","23","cinder","art/cinder.png","Cinder. flat vector game-card illustration, bold simple shapes, thick clean outlines, limited 4-colour palette, single centred subject, dark desaturated blue-slate background, no text, no lettering, landscape 11:7 crop. Mood: dark, shadowy, hot, fiery, aged, temporal."
"GLOOM","DARK ABSTRACT COLD","20","gloom","art/gloom.png","Gloom. flat vector game-card illustration, bold simple shapes, thick clean outlines, limited 4-colour palette, single centred subject, dark desaturated blue-slate background, no text, no lettering, landscape 11:7 crop. Mood: dark, shadowy, abstract, conceptual, cold, frozen."
"SPRINT","MOTION BODY TIME","23","sprint","art/sprint.png","Sprint. flat vector game-card illustration, bold simple shapes, thick clean outlines, limited 4-colour palette, single centred subject, dark desaturated blue-slate background, no text, no lettering, landscape 11:7 crop. Mood: moving, kinetic, anatomical, aged, temporal."
"ORBIT","MOTION TIME NATURE","20","orbit","art/orbit.png","Orbit. flat vector game-card illustration, bold simple shapes, thick clean outlines, limited 4-colour palette, single centred subject, dark desaturated blue-slate background, no text, no lettering, landscape 11:7 crop. Mood: moving, kinetic, aged, temporal, natural landscape."
"PENDULUM","MOTION TIME TOOL","29","pendulum","art/pendulum.png","Pendulum. flat vector game-card illustration, bold simple shapes, thick clean outlines, limited 4-colour palette, single centred subject, dark desaturated blue-slate background, no text, no lettering, landscape 11:7 crop. Mood: moving, kinetic, aged, temporal, hand-tool."
"CAROUSEL","MOTION BRIGHT LOUD","29","carousel","art/carousel.png","Carousel. flat vector game-card illustration, bold simple shapes, thick clean outlines, limited 4-colour palette, single centred subject, dark desaturated blue-slate background, no text, no lettering, landscape 11:7 crop. Mood: moving, kinetic, bright, radiant, loud, resonant."
"MIGRATION","MOTION ANIMAL TIME NATURE","32","migration","art/migration.png","Migration. flat vector game-card illustration, bold simple shapes, thick clean outlines, limited 4-colour palette, single centred subject, dark desaturated blue-slate background, no text, no lettering, landscape 11:7 crop. Mood: moving, kinetic, animal, aged, temporal, natural landscape."
"LURCH","MOTION BODY DANGER","20","lurch","art/lurch.png","Lurch. flat vector game-card illustration, bold simple shapes, thick clean outlines, limited 4-colour palette, single centred subject, dark desaturated blue-slate background, no text, no lettering, landscape 11:7 crop. Mood: moving, kinetic, anatomical, dangerous, threatening."
"SPIRAL","MOTION ABSTRACT MIND","23","spiral","art/spiral.png","Spiral. flat vector game-card illustration, bold simple shapes, thick clean outlines, limited 4-colour palette, single centred subject, dark desaturated blue-slate background, no text, no lettering, landscape 11:7 crop. Mood: moving, kinetic, abstract, conceptual, psychological, cerebral."
"RICOCHET","MOTION LOUD DANGER","29","ricochet","art/ricochet.png","Ricochet. flat vector game-card illustration, bold simple shapes, thick clean outlines, limited 4-colour palette, single centred subject, dark desaturated blue-slate background, no text, no lettering, landscape 11:7 crop. Mood: moving, kinetic, loud, resonant, dangerous, threatening."
"KETTLE","TOOL HEAT WET LOUD","23","kettle","art/kettle.png","Kettle. flat vector game-card illustration, bold simple shapes, thick clean outlines, limited 4-colour palette, single centred subject, dark desaturated blue-slate background, no text, no lettering, landscape 11:7 crop. Mood: hand-tool, hot, fiery, wet, aquatic, loud, resonant."
"FORGE","TOOL HEAT LOUD DANGER","20","forge","art/forge.png","Forge. flat vector game-card illustration, bold simple shapes, thick clean outlines, limited 4-colour palette, single centred subject, dark desaturated blue-slate background, no text, no lettering, landscape 11:7 crop. Mood: hand-tool, hot, fiery, loud, resonant, dangerous, threatening."
"KILN","TOOL HEAT TIME","17","kiln","art/kiln.png","Kiln. flat vector game-card illustration, bold simple shapes, thick clean outlines, limited 4-colour palette, single centred subject, dark desaturated blue-slate background, no text, no lettering, landscape 11:7 crop. Mood: hand-tool, hot, fiery, aged, temporal."
"TORCH","TOOL HEAT BRIGHT DANGER","20","torch","art/torch.png","Torch. flat vector game-card illustration, bold simple shapes, thick clean outlines, limited 4-colour palette, single centred subject, dark desaturated blue-slate background, no text, no lettering, landscape 11:7 crop. Mood: hand-tool, hot, fiery, bright, radiant, dangerous, threatening."
"COALFACE","TOOL DARK HEAT DANGER","29","coalface","art/coalface.png","Coalface. flat vector game-card illustration, bold simple shapes, thick clean outlines, limited 4-colour palette, single centred subject, dark desaturated blue-slate background, no text, no lettering, landscape 11:7 crop. Mood: hand-tool, dark, shadowy, hot, fiery, dangerous, threatening."
"SMOKE","HEAT DARK MOTION NATURE","20","smoke","art/smoke.png","Smoke. flat vector game-card illustration, bold simple shapes, thick clean outlines, limited 4-colour palette, single centred subject, dark desaturated blue-slate background, no text, no lettering, landscape 11:7 crop. Mood: hot, fiery, dark, shadowy, moving, kinetic, natural landscape."
"ASH","HEAT DARK TIME NATURE","14","ash","art/ash.png","Ash. flat vector game-card illustration, bold simple shapes, thick clean outlines, limited 4-colour palette, single centred subject, dark desaturated blue-slate background, no text, no lettering, landscape 11:7 crop. Mood: hot, fiery, dark, shadowy, aged, temporal, natural landscape."
"SCALD","HEAT DANGER BODY WET","20","scald","art/scald.png","Scald. flat vector game-card illustration, bold simple shapes, thick clean outlines, limited 4-colour palette, single centred subject, dark desaturated blue-slate background, no text, no lettering, landscape 11:7 crop. Mood: hot, fiery, dangerous, threatening, anatomical, wet, aquatic."
"SIMMER","HEAT WET TIME","23","simmer","art/simmer.png","Simmer. flat vector game-card illustration, bold simple shapes, thick clean outlines, limited 4-colour palette, single centred subject, dark desaturated blue-slate background, no text, no lettering, landscape 11:7 crop. Mood: hot, fiery, wet, aquatic, aged, temporal."
"BLAZE","HEAT BRIGHT DANGER LOUD","20","blaze","art/blaze.png","Blaze. flat vector game-card illustration, bold simple shapes, thick clean outlines, limited 4-colour palette, single centred subject, dark desaturated blue-slate background, no text, no lettering, landscape 11:7 crop. Mood: hot, fiery, bright, radiant, dangerous, threatening, loud, resonant."
